{"index.js":"// the global variable\nvar watchList = [\n                 {  \n                   \"Title\": \"Inception\",\n                   \"Year\": \"2010\",\n                   \"Rated\": \"PG-13\",\n                   \"Released\": \"16 Jul 2010\",\n                   \"Runtime\": \"148 min\",\n                   \"Genre\": \"Action, Adventure, Crime\",\n                   \"Director\": \"Christopher Nolan\",\n                   \"Writer\": \"Christopher Nolan\",\n                   \"Actors\": \"Leonardo DiCaprio, Joseph Gordon-Levitt, Ellen Page, Tom Hardy\",\n                   \"Plot\": \"A thief, who steals corporate secrets through use of dream-sharing technology, is given the inverse task of planting an idea into the mind of a CEO.\",\n                   \"Language\": \"English, Japanese, French\",\n                   \"Country\": \"USA, UK\",\n                   \"Awards\": \"Won 4 Oscars. Another 143 wins & 198 nominations.\",\n                   \"Poster\": \"http://ia.media-imdb.com/images/M/MV5BMjAxMzY3NjcxNF5BMl5BanBnXkFtZTcwNTI5OTM0Mw@@._V1_SX300.jpg\",\n                   \"Metascore\": \"74\",\n                   \"imdbRating\": \"8.8\",\n                   \"imdbVotes\": \"1,446,708\",\n                   \"imdbID\": \"tt1375666\",\n                   \"Type\": \"movie\",\n                   \"Response\": \"True\"\n                },\n                {  \n                   \"Title\": \"Interstellar\",\n                   \"Year\": \"2014\",\n                   \"Rated\": \"PG-13\",\n                   \"Released\": \"07 Nov 2014\",\n                   \"Runtime\": \"169 min\",\n                   \"Genre\": \"Adventure, Drama, Sci-Fi\",\n                   \"Director\": \"Christopher Nolan\",\n                   \"Writer\": \"Jonathan Nolan, Christopher Nolan\",\n                   \"Actors\": \"Ellen Burstyn, Matthew McConaughey, Mackenzie Foy, John Lithgow\",\n                   \"Plot\": \"A team of explorers travel through a wormhole in space in an attempt to ensure humanity's survival.\",\n                   \"Language\": \"English\",\n                   \"Country\": \"USA, UK\",\n                   \"Awards\": \"Won 1 Oscar. Another 39 wins & 132 nominations.\",\n                   \"Poster\": \"http://ia.media-imdb.com/images/M/MV5BMjIxNTU4MzY4MF5BMl5BanBnXkFtZTgwMzM4ODI3MjE@._V1_SX300.jpg\",\n                   \"Metascore\": \"74\",\n                   \"imdbRating\": \"8.6\",\n                   \"imdbVotes\": \"910,366\",\n                   \"imdbID\": \"tt0816692\",\n                   \"Type\": \"movie\",\n                   \"Response\": \"True\"\n                },\n                {\n                   \"Title\": \"The Dark Knight\",\n                   \"Year\": \"2008\",\n                   \"Rated\": \"PG-13\",\n                   \"Released\": \"18 Jul 2008\",\n                   \"Runtime\": \"152 min\",\n                   \"Genre\": \"Action, Adventure, Crime\",\n                   \"Director\": \"Christopher Nolan\",\n                   \"Writer\": \"Jonathan Nolan (screenplay), Christopher Nolan (screenplay), Christopher Nolan (story), David S. Goyer (story), Bob Kane (characters)\",\n                   \"Actors\": \"Christian Bale, Heath Ledger, Aaron Eckhart, Michael Caine\",\n                   \"Plot\": \"When the menace known as the Joker wreaks havoc and chaos on the people of Gotham, the caped crusader must come to terms with one of the greatest psychological tests of his ability to fight injustice.\",\n                   \"Language\": \"English, Mandarin\",\n                   \"Country\": \"USA, UK\",\n                   \"Awards\": \"Won 2 Oscars. Another 146 wins & 142 nominations.\",\n                   \"Poster\": \"http://ia.media-imdb.com/images/M/MV5BMTMxNTMwODM0NF5BMl5BanBnXkFtZTcwODAyMTk2Mw@@._V1_SX300.jpg\",\n                   \"Metascore\": \"82\",\n                   \"imdbRating\": \"9.0\",\n                   \"imdbVotes\": \"1,652,832\",\n                   \"imdbID\": \"tt0468569\",\n                   \"Type\": \"movie\",\n                   \"Response\": \"True\"\n                },\n                {  \n                   \"Title\": \"Batman Begins\",\n                   \"Year\": \"2005\",\n                   \"Rated\": \"PG-13\",\n                   \"Released\": \"15 Jun 2005\",\n                   \"Runtime\": \"140 min\",\n                   \"Genre\": \"Action, Adventure\",\n                   \"Director\": \"Christopher Nolan\",\n                   \"Writer\": \"Bob Kane (characters), David S. Goyer (story), Christopher Nolan (screenplay), David S. Goyer (screenplay)\",\n                   \"Actors\": \"Christian Bale, Michael Caine, Liam Neeson, Katie Holmes\",\n                   \"Plot\": \"After training with his mentor, Batman begins his fight to free crime-ridden Gotham City from the corruption that Scarecrow and the League of Shadows have cast upon it.\",\n                   \"Language\": \"English, Urdu, Mandarin\",\n                   \"Country\": \"USA, UK\",\n                   \"Awards\": \"Nominated for 1 Oscar. Another 15 wins & 66 nominations.\",\n                   \"Poster\": \"http://ia.media-imdb.com/images/M/MV5BNTM3OTc0MzM2OV5BMl5BanBnXkFtZTYwNzUwMTI3._V1_SX300.jpg\",\n                   \"Metascore\": \"70\",\n                   \"imdbRating\": \"8.3\",\n                   \"imdbVotes\": \"972,584\",\n                   \"imdbID\": \"tt0372784\",\n                   \"Type\": \"movie\",\n                   \"Response\": \"True\"\n                },\n                {\n                   \"Title\": \"Avatar\",\n                   \"Year\": \"2009\",\n                   \"Rated\": \"PG-13\",\n                   \"Released\": \"18 Dec 2009\",\n                   \"Runtime\": \"162 min\",\n                   \"Genre\": \"Action, Adventure, Fantasy\",\n                   \"Director\": \"James Cameron\",\n                   \"Writer\": \"James Cameron\",\n                   \"Actors\": \"Sam Worthington, Zoe Saldana, Sigourney Weaver, Stephen Lang\",\n                   \"Plot\": \"A paraplegic marine dispatched to the moon Pandora on a unique mission becomes torn between following his orders and protecting the world he feels is his home.\",\n                   \"Language\": \"English, Spanish\",\n                   \"Country\": \"USA, UK\",\n                   \"Awards\": \"Won 3 Oscars. Another 80 wins & 121 nominations.\",\n                   \"Poster\": \"http://ia.media-imdb.com/images/M/MV5BMTYwOTEwNjAzMl5BMl5BanBnXkFtZTcwODc5MTUwMw@@._V1_SX300.jpg\",\n                   \"Metascore\": \"83\",\n                   \"imdbRating\": \"7.9\",\n                   \"imdbVotes\": \"876,575\",\n                   \"imdbID\": \"tt0499549\",\n                   \"Type\": \"movie\",\n                   \"Response\": \"True\"\n                }\n];\n\n// Add your code below this line\n\nvar averageRating = watchList.reduce(function(sum, movie) {\n  if (movie.Director === \"Christopher Nolan\") {\n    return sum + parseFloat(movie.imdbRating);\n  }\n  return sum;\n}, 0) / \nwatchList.filter(function(movie) {\n  return movie.Director === \"Christopher Nolan\";\n}).length;\n// Add your code above this line\n\nconsole.log(averageRating); "}